mse,mae,r2
55029.092457692306,175.81500000000003,0.8163851679554733
